State,ISO,2.  Does sovereignty confer on states authority over cyber infrastructure located in their respective territories and over the actions they take with respect to that infrastructure?,"2(a) Does sovereignty encompass the right to protect cyber infrastructure and safeguard cyber activity that is located in, or takes place on, its territory?",2(b) Is the exercise of such sovereign authority subject to international human rights law and other fundamental freedoms?,"3. Is sovereignty a stand-alone, primary rule of international law, the breach of which can incur international responsibility?",3(a) Can violations of sovereignty not amounting to prohibited interventions constitute internationally wrongful acts?,4. Does the State indicate how to identify a violation of any stand-alone sovereignty rule?,4(a). Is there a de minimis threshold below which a violation of sovereignty would not occur?,"5. Is it a violation of territorial sovereignty for an organ of a State, or others whose conduct is attributable to the State,",6. Can state cyber operations that cause physical effects in another state’s territory constitute a violation of sovereignty as a rule?,6(a) Do any physical effects constitute a violation?,"6(b) Must the effects involve physical damage to computer infrastructure or other tangible things, or injury to persons, to constitute a violation of sovereignty as a rule?",6(b)(i) Must the effect of a cyber operation to computer infrastructure require repair or replacement of physical components to qualify as damage?,6(c) Do only cyber operations generating significant physical effects within another State’s territory constitute a violation?,7 Can state cyber operations that cause a loss to computer functionality in another State’s territory constitute a violation of sovereignty as a rule?,7(a) Is the rule violated by a cyber operation generating any functionality losses within another state’s territory?,7(b) Is the rule violated by a cyber operation generating significant functionality losses within another state’s territory?,7(c) Is the rule violated by a cyber operation generating systemic functionality losses within another state’s territory?,8. Can state cyber operations that interfere with another state’s “inherent governmental functions” constitute a violation of sovereignty as a rule?,9(a) Must the state cyber operation generate prohibited effects directly?,9(b) Do prohibited effects indirectly generated by a state cyber operation constitute a violation of sovereignty as a rule?,10. Can state cyber operations that deny access to or degrade data in the control of another State constitute a violation of sovereignty as a rule?,10(a) Do state sponsored ransomware operations violate the sovereignty of another State?,10(b) Can state cyber operations against data residing in cloud servers outside of a State’s territorial jurisdiction constitute a violation of sovereignty as a rule?,10(c) Does the exercise of one State’s law enforcement tools via cyber means in the networks or systems of another State’s territory violate the sovereignty of the latter State? ,11. Do State cyber operations that interfere at any level with critical infrastructure in another State constitute a violation of sovereignty as a rule? ,12. Can State cyber operations that cause significant national economic impacts for another State constitute a violation of sovereignty as a rule? ,13. Does cyber espionage by one State in or transiting networks or hardware resident in another State constitute a violation of sovereignty as a rule? ,13(a) Can gaining unauthorized access to computer systems or data within a State’s sovereign control violate the rules of sovereignty? ,14. Are violations of sovereignty assessed on a case-by-case basis? 
African Union,AU,Yes,Yes,Yes,Yes,Yes,Yes,No,Yes,Yes,Yes,No,Silent,No,Yes,No,Ambiguous,Ambiguous,Silent,Silent,Silent,Ambiguous,Silent,Silent,Yes,Ambiguous,Silent,Ambiguous,Yes,Silent
Australia ,AUS,Yes,Silent,Yes,Silent,Silent,Silent,Silent,Silent,Silent,Silent,Silent,Silent,Silent,Silent,Silent,Silent,Silent,Silent,Silent,Silent,Silent,Silent,Silent,Silent,Silent,Silent,Silent,Silent,Silent
Austria,AUT,Yes,Yes,Yes,Yes,Yes,Yes,Silent,Silent,Yes,Yes,No,Silent,No,Yes,Ambiguous,Ambiguous,Ambiguous,Yes,Silent,Silent,Yes,Silent,Silent,Silent,Ambiguous,Silent,Ambiguous,Yes,Silent
Belgium,BEL,Yes,Silent,Silent,Yes,Yes,Yes,Ambiguous,Silent,Yes,Ambiguous,No,Silent,No,Yes,Yes,Yes,Yes,Yes,Silent,Silent,Silent,Silent,Silent,Silent,Ambiguous,Silent,Silent,Silent,Silent
Bolivia ,BOL,Yes,Silent,Silent,Silent,Silent,Silent,Silent,Silent,Silent,Silent,Silent,Silent,Silent,Silent,Silent,Silent,Silent,Silent,Silent,Silent,Silent,Silent,Silent,Silent,Silent,Silent,Silent,Silent,Silent
Brazil,BRA,Silent,Silent,Silent,Yes,Yes,No,Silent,Silent,Ambiguous,Silent,No,Silent,Silent,Silent,Silent,Silent,Silent,Silent,Silent,Silent,Silent,Silent,Silent,Silent,Silent,Silent,Yes,Yes,Silent
Canada,CAN,Yes,Yes,Yes,Yes,Yes,Yes,Yes,Silent,Yes,No,No,Ambiguous,No,Yes,No,Ambiguous,Ambiguous,Yes,Silent,Silent,Yes,Silent,Silent,Ambiguous,No,Yes,No,Ambiguous,Yes
Chile,CHL,Yes,Yes,Yes,Ambiguous,Ambiguous,No,Silent,Silent,Silent,Silent,Silent,Silent,Silent,Silent,Silent,Silent,Silent,Silent,Silent,Silent,Silent,Silent,Silent,Silent,Silent,Silent,Silent,Silent,Silent
China,CHN,Yes,Yes,Silent,Yes,Yes,Yes,Silent,Silent,Yes,Ambiguous,No,Silent,No,Ambiguous,Silent,Silent,Silent,Ambiguous,Silent,Silent,Yes,Silent,Silent,Silent,Silent,Silent,Yes,Yes,Yes
Colombia,COL,Yes,Yes,Yes,Ambiguous,Ambiguous,No,,Silent,Silent,Silent,Silent,Silent,Silent,Silent,Silent,Silent,Silent,Silent,Silent,Silent,Silent,Silent,Silent,Silent,Silent,Silent,Silent,Silent,Silent
Costa Rica,CRI,Yes,Yes,Yes,Yes,Yes,Yes,Silent,Silent,Yes,Ambiguous,No,No,No,Yes,Ambiguous,Ambiguous,Silent,Yes,Silent,Silent,Yes,Yes,Silent,Silent,No,Silent,Ambiguous,Yes,Silent
Cuba,CUB,Silent,Silent,Silent,Yes,Ambiguous,No,Silent,Ambiguous,Silent,Silent,Silent,Silent,Silent,Silent,Silent,Silent,Silent,Silent,Silent,Silent,Silent,Silent,Silent,Silent,Silent,Silent,Silent,Silent,Silent
Czech Republic,CZE,Yes,Yes,Yes,Yes,Yes,Yes,Yes,Ambiguous,Yes,No,No,Silent,No,Yes,No,Ambiguous,Silent,Yes,Silent,Silent,Yes,Yes,Silent,Ambiguous,No,Yes,Silent,Silent,Yes
Denmark,DNK,Yes,Yes,Yes,Yes,Yes,Yes,Yes,Silent,Yes,No,No,Silent,No,Yes,No,Ambiguous,Silent,Yes,Silent,Silent,Yes,Silent,Silent,Silent,No,Silent,Silent,Silent,Yes
Ecuador,ECU,Yes,Silent,Yes,Silent,Silent,No,Silent,Silent,Silent,Silent,Silent,Silent,Silent,Silent,Silent,Silent,Silent,Silent,Silent,Silent,Silent,Silent,Silent,Silent,Silent,Silent,Silent,Silent,Silent
Estonia,EST,Yes,Yes,Yes,Yes,Yes,No,Silent,Silent,Ambiguous,Silent,Ambiguous,Silent,Silent,Silent,Silent,Silent,Silent,Silent,Silent,Silent,Silent,Silent,Silent,Silent,Silent,Silent,Silent,Silent,Silent
European Union,EUN,Yes,Yes,Yes,Yes,Yes,Yes,Silent,Silent,Yes,Silent,No,Silent,Silent,Silent,Silent,Silent,Silent,Yes,Silent,Silent,Silent,Silent,Silent,Silent,Silent,Silent,Silent,Silent,Silent
Finland,FIN,Yes,Yes,Yes,Yes,Yes,Yes,Ambiguous,Silent,Yes,Ambiguous,No,Silent,Ambiguous,Yes,No,Ambiguous,Silent,Yes,Silent,Silent,Yes,Silent,Silent,Silent,Silent,Ambiguous,Silent,Yes,Yes
France,FRA,Yes,Ambiguous,Silent,Yes,Yes,Yes,Silent,Silent,Yes,Ambiguous,No,Silent,No,Yes,Ambiguous,Silent,Silent,Silent,Silent,Silent,Yes,Silent,Silent,Silent,Ambiguous,Silent,Silent,Silent,Yes
Germany ,DEU,Yes,Yes,Yes,Yes,Yes,Yes,Yes,Silent,Yes,No,No,Silent,Ambiguous,Yes,No,Ambiguous,Silent,Silent,No,Ambiguous,Silent,Silent,Silent,Ambiguous,Ambiguous,Silent,Silent,Silent,Yes
Guyana ,GUY,Yes,Ambiguous,Silent,Yes,Yes,Yes,Silent,Silent,Silent,Silent,Silent,Silent,Silent,Silent,Silent,Silent,Silent,Yes,Silent,Silent,Silent,Silent,Silent,Silent,Silent,Silent,Silent,Silent,Ambiguous
Guatemala,GTM,Silent,Silent,Yes,Ambiguous,Silent,Silent,Silent,Silent,Silent,Silent,Silent,Silent,Silent,Silent,Silent,Silent,Silent,Silent,Silent,Silent,Silent,Silent,Silent,Silent,Silent,Silent,Silent,Silent,Silent
Iran,IRN,Yes,Yes,Silent,Ambiguous,Ambiguous,Ambiguous,Silent,Silent,Ambiguous,Ambiguous,Ambiguous,Ambiguous,Ambiguous,Silent,Silent,Silent,Silent,Silent,Silent,Silent,Silent,Silent,Silent,Silent,Silent,Silent,Silent,Ambiguous,Silent
Ireland,IRL,Yes,Ambiguous,Yes,Yes,Yes,Yes,Silent,Silent,Yes,Ambiguous,No,Silent,No,Yes,Ambiguous,Silent,Silent,Silent,No,Ambiguous,Yes,Silent,Silent,Silent,Ambiguous,Silent,Silent,Silent,Yes
Israel,ISR,Silent,Silent,Silent,Ambiguous,Ambiguous,Silent,Silent,Silent,Silent,Silent,Silent,Silent,Silent,Silent,Silent,Silent,Silent,Silent,Silent,Silent,Silent,Silent,Silent,Silent,Silent,Silent,Silent,Silent,Silent
Italy,ITA,Yes,Silent,Yes,Yes,Yes,Silent,Silent,Yes,Ambiguous,Silent,Silent,Silent,Silent,Silent,Silent,Silent,Silent,Silent,Silent,Silent,Silent,Silent,Silent,Silent,Silent,Silent,Silent,Silent,Ambiguous
Japan,JPN,Silent,Silent,Yes,Yes,Yes,Ambiguous,Silent,Silent,Yes,Silent,No,Silent,No,Yes,Silent,Silent,Silent,Silent,Silent,Silent,Silent,Silent,Silent,Silent,Ambiguous,Silent,Silent,Silent,Ambiguous
Kazakhstan,KAZ,Silent,Silent,Silent,Silent,Silent,Silent,Silent,Silent,Silent,Silent,Silent,Silent,Silent,Silent,Silent,Silent,Silent,Silent,Silent,Silent,Silent,Silent,Silent,Silent,Silent,Silent,Silent,Silent,Silent
Kenya,KEN,Silent,Silent,Silent,Silent,Silent,Silent,Silent,Silent,Silent,Silent,Silent,Silent,Silent,Silent,Silent,Silent,Silent,Silent,Silent,Silent,Silent,Silent,Silent,Silent,Silent,Silent,Silent,Silent,Silent
Republic of Korea,KOR,Yes,Yes,Yes,Silent,Silent,No,Silent,Silent,Silent,Silent,Silent,Silent,Silent,Silent,Silent,Silent,Silent,Silent,Silent,Silent,Silent,Silent,Silent,Silent,Silent,Silent,Silent,Silent,Silent
Netherlands,NLD,Yes,Yes,Yes,Yes,Yes,Yes,Ambiguous,Silent,Ambiguous,Silent,Silent,Silent,Silent,Silent,Silent,Silent,Silent,Yes,Silent,Silent,Silent,Silent,Silent,Ambiguous,Silent,Silent,Silent,Silent,Silent
New Zealand,NZL,Silent,Ambiguous,Yes,Yes,Yes,Silent,Yes,Ambiguous,Yes,No,Ambiguous,Silent,Ambiguous,Ambiguous,Ambiguous,Ambiguous,Silent,Silent,Silent,Silent,Silent,Silent,Silent,Silent,Silent,Silent,No,Ambiguous,Yes
Norway ,NOR,Yes,Silent,Yes,Yes,Yes,Yes,Ambiguous,Silent,Yes,Ambiguous,No,Silent,No,Yes,No,Silent,Silent,Yes,Silent,Silent,Yes,Ambiguous,Silent,Silent,Silent,Silent,Silent,Silent,Yes
Pakistan,PAK,Silent,Silent,Silent,Silent,Silent,Silent,Silent,Silent,Silent,Silent,Silent,Silent,Silent,Silent,Silent,Silent,Silent,Silent,Silent,Silent,Silent,Silent,Silent,Silent,Silent,Silent,Silent,Silent,Silent
Peru,PER,Silent,Silent,Silent,Silent,Silent,Silent,Silent,Silent,Silent,Silent,Silent,Silent,Silent,Silent,Silent,Silent,Silent,Silent,Silent,Silent,Silent,Silent,Silent,Silent,Silent,Silent,Silent,Silent,Silent
Poland,POL,Yes,Yes,Yes,Yes,Yes,Yes,Ambiguous,Silent,Yes,Ambiguous,No,Silent,No,Yes,No,Yes,Silent,Yes,Silent,Silent,Silent,Silent,Silent,Silent,Silent,Silent,Silent,Silent,Silent
Romania ,ROU,Yes,Silent,Yes,Yes,Yes,Yes,Ambiguous,Silent,Silent,Silent,Silent,Silent,No,Yes,Silent,Silent,Silent,Yes,Silent,Silent,Yes,Silent,Silent,Silent,Silent,Silent,Silent,Ambiguous,Silent
Russian Federation,RUS,Silent,Silent,Silent,Silent,Silent,Silent,Silent,Silent,Silent,Silent,Silent,Silent,Silent,Silent,Silent,Silent,Silent,Silent,Silent,Silent,Silent,Silent,Silent,Silent,Silent,Silent,Silent,Silent,Silent
Singapore,SGP,Yes,Yes,Ambiguous,Ambiguous,Ambiguous,No,Silent,Silent,Silent,Silent,Silent,Silent,Silent,Silent,Silent,Silent,Silent,Silent,Silent,Silent,Silent,Silent,Silent,Silent,Silent,Silent,Silent,Silent,Silent
Sweden,SWE,Yes,Yes,Yes,Yes,Yes,Yes,Silent,Silent,Yes,Ambiguous,No,Silent,Silent,Yes,Ambiguous,Ambiguous,Silent,Yes,Silent,Silent,Yes,Silent,Silent,Silent,Silent,Silent,Silent,Silent,Yes
Switzerland,CHE,Yes,Yes,Yes,Yes,Yes,Yes,Silent,Silent,Yes,Ambiguous,No,Silent,Silent,Ambiguous,Silent,Silent,Silent,Yes,Silent,Silent,Silent,Silent,Ambiguous,Silent,Silent,Silent,Silent,Yes,Yes
Thailand,THA,Yes,Yes,Yes,Yes,Yes,Yes,Silent,Silent,Ambiguous,Silent,Silent,Silent,Silent,Yes,No,Ambiguous,Silent,Silent,Silent,Silent,Yes,Silent,Silent,Silent,No,Silent,Silent,Silent,Silent
United Kingdom ,GBR,Silent,Silent,Yes,No,No,No,Silent,No,No,No,No,No,No,No,No,No,No,No,No,No,No,No,No,No,No,No,No,No,No
United States ,USA,Yes,Yes,Yes,Ambiguous,Ambiguous,Silent,Yes,Silent,Silent,Silent,Silent,Silent,Silent,Silent,Silent,Silent,Silent,Silent,Silent,Silent,Silent,Silent,Silent,Silent,Silent,Silent,Silent,Silent,Silent
